Date,Sign,Hemisphere,Monthly_Forecast
August 2025,Scorpio Sagittarius Cusp,Southern,"Theme: Stillness stirs the wild. Truth warms beneath the snow.

ğŸŒ‘ Moon Phases
New Moon in Leo (Aug 1) â€“ Awakens your 10th house: your calling is whispering through the stillness. This isnâ€™t a launch yetâ€”itâ€™s a soul stirring.
Full Moon in Aquarius (Aug 17) â€“ Highlights your 4th house: a deep ancestral release may occur. What grief are you ready to stop carrying?

ğŸ’¼ Path & Patience
This is not the month to act before you feel. Though the world may look dormant, your inner tectonic plates are shifting.
- Rework long-term plans in solitude
- Reconnect with why you began
- Surrender the roles that feel performative
Career Insight: Let stillness speak louder than strategy.

ğŸ’– Love & Depth
You crave connection that burns cleanâ€”not hot and hollow. This month, you redefine intimacy on your own terms.
If single: You may find chemistry with someone who mirrors your beliefs.
In a relationship: Protect your alone timeâ€”but donâ€™t confuse solitude with secrecy. Be seen.
Love Wisdom: The right person will meet you at your edges and sit there unafraid.

ğŸ§˜ Body & Energetic Rebirth
You need deep restâ€”sacred, structured, and sensory. Honour it with:
- Baths with orange or cinnamon
- Sleeping near earth (weighted blankets, natural fabrics)
- Journaling your future self into existence
Health Mantra: My rest is revolutionary.

ğŸ§­ Soul Wisdom
This month doesn't ask you to shout. It asks you to forge clarity in the quiet, so when your flame returnsâ€”itâ€™s unstoppable.
Mantra: I am the spark in the snow. I do not disappearâ€”I distill."
August 2025,Scorpio,Southern,"Theme: Depth in stillness, truth in retreat, fire behind the veil

ğŸŒ‘ Moon Phases & Influence
New Moon in Leo (Aug 1): Lands in your tenth houseâ€”career, visibility, and long-term ambition. But instead of rushing to take the spotlight, youâ€™re quietly reviewing who you are when no oneâ€™s watching. Let your next move be born of internal authority, not external validation.
Full Moon in Aquarius (Aug 17): Illuminates your fourth houseâ€”home, emotional foundation, ancestry. Old stories may echo. Family patterns may flare. This is a chance to cut energetic cords and choose what you carry forwardâ€”and what ends with you.

ğŸ’¼ Career & Purpose
The Leo New Moon stirs a low-burning fire in your career zone, asking: â€œWhat legacy are you building?â€ Youâ€™re not launching loudlyâ€”but you are sketching blueprints beneath the surface. This is a potent time for private planning, quiet recalibration, and strategic withdrawal from anything misaligned.
Around the Full Moon, you may feel tension between public duty and private emotional needs. Your home life matters. If work has taken too much of your spirit, consider a reshuffling that honors your nervous system.
Career Message: The power move now is to pause with purpose. You donâ€™t need to explain your quiet season.

ğŸ’– Love & Relationships
Relationships soften and deepen this month, if you allow slowness to guide the rhythm. The New Moon may prompt reflection around how visible your needs are within your partnership. Are you sharing your vision? Are you letting yourself be known?
If single, you may feel drawn to someone who mirrors your ambition but respects your space. If attached, deep conversations about long-term direction, living situation, or unspoken emotional needs may arise.
The Full Moon could stir family dynamics, especially those affecting your sense of emotional safety. What are you healing that your ancestors couldnâ€™t?
Love Insight: You deserve love that stays, even when the lights are low.

ğŸ§˜â€â™€ï¸ Health & Embodiment
August asks you to treat your body as sacred ground, not a productivity machine. In this final stretch of winter, your nervous system wants:
- Warmth
- Simplicity
- Slowness
- Intimacy with your own breath
Consider creating a new ritual of body reverence: a skincare ceremony, a silent sunrise stretch, or even decluttering your space to let new energy flow. The Full Moon is ideal for ancestral healing rituals and grounding emotional weight.
Health Reminder: You donâ€™t have to be in bloom to be in power. Some strength grows in silence.

ğŸ˜Œ Soul & Shadow Work
This is not a surface-level month. You are being invited inward, not to spiralâ€”but to stabilize. There is wisdom in the winter cave, Scorpio. Let this be a time of psychic cleanup, energetic sovereignty, and clear-eyed emotional truth.
You are shedding performance. Shedding pressure. Shedding any identity that doesnâ€™t hold your soul. From this stillness, your next chapter will be undeniable.

ğŸ´ Scorpio Mantra for August:
â€œI reclaim my direction from within. In the dark, I define my light.â€"
2025-08-01,Scorpio,Southern,"The energy begins deep within. You're exploring emotional caves, pulling up relics of old loves and long-lost truths. Thereâ€™s clarity through stillness today."
2025-08-02,Scorpio,Southern,Transformation whispers againâ€”this time with courage. Expect a challenge that tests your resolve. Don't flinch; respond with quiet strength.
2025-08-03,Scorpio,Southern,Your intuitive edge sharpens under the current skies. You may feel psychic flashes or vivid dreams guiding you toward a personal truth. Trust them.
2025-08-04,Scorpio,Southern,Connection arrives from unexpected sources. A stranger or distant contact may offer a missing puzzle piece. Be open but discerning.
2025-08-05,Scorpio,Southern,"The full moon may stir shadows of jealousy or fear. Instead of denial, transmute it. Use ritual, breathwork, or writing to reclaim your power."
2025-08-06,Scorpio,Southern,"Ground yourself in the physical. Today favors tactile ritualsâ€”cleaning, sculpting, gardening. Through hands-on connection, you root back into your magic."
August 2025,Taurusâ€“Gemini Cusp,Northern,"Theme: Move like wind through the gardenâ€”thoughtful, curious, and blooming with magic.

ğŸŒ‘ Moon Phases
New Moon in Leo (Aug 1) â€“ Falls in your third house of communication, thought, and short journeys. Plant seeds for bold truths, powerful writing, and intentional conversations.
Full Moon in Aquarius (Aug 17) â€“ Lights your ninth house of higher knowledge, philosophy, and worldview. A mental expansion arrivesâ€”through travel, study, or sudden clarity.

ğŸ’¼ Purpose & Vocation
This is a month of mental alchemy. Your voice wants formâ€”whether through public speaking, writing, course creation, or pitching something audacious. Youâ€™ve outgrown small thinking. Stop editing your vision to fit what feels â€œreasonable.â€
The New Moon helps you find the words. The Full Moon asks: What does your soul know that your resume doesnâ€™t say yet?
Career Insight: Intelligence isnâ€™t sterileâ€”itâ€™s sacred. Let yours spark wonder.

ğŸ’– Love & Connection
You're electric this monthâ€”magnetically engaging, vibrationally charged. But here's the truth: youâ€™re craving something real. Not just chemistry. Not just cleverness.
Single? Someone unexpected may match your rhythm and challenge your perspective.
In partnership? Itâ€™s time to refresh routines. Try new adventures or shared learning to reignite intimacy.
Love Insight: You deserve a love thatâ€™s both symphony and silence.

ğŸ§˜ Wellness & Embodiment
Your nervous system is sacred tech. Without grounding, your mind can spiral.
- Connect to the earth through gardening, bare feet, or slow meals
- Balance stimulation with stillness: breathwork, poetry, silence
- Let your body dictate the pace, not the calendar
Health Reminder: Your body isn't a machine. Itâ€™s an instrumentâ€”tune it gently.

ğŸ§­ Soul Message
You are the breeze that bends the branch and the root that refuses to break. Let duality be your divinity. Speak what youâ€™ve never said. Study what you thought youâ€™d never understand. Be the bridge.
Mantra: I am not either/or. I am both/andâ€”and wildly more."
August 2025,Taurusâ€“Gemini Cusp,Southern,"Theme: Wisdom in winter. Clarity through contrast. Speak with purpose, rest with grace.

ğŸŒ‘ Moon Phases
New Moon in Leo (Aug 1) â€“ Opens your third house. Your words are spellsâ€”choose them consciously. A potent time for journaling, letter-writing, voicework.
Full Moon in Aquarius (Aug 17) â€“ Your ninth house glows with truth. An idea, belief, or longing to travel may become impossible to ignore.

ğŸ’¼ Vocation & Rhythm
This is not a month to rush aheadâ€”but to refine your message. What are you here to say, teach, provoke, or question?
The Full Moon may bring a course, a spiritual study, or a chance to publish your voice. If youâ€™ve felt stuck or unseenâ€”prepare to rise again with more elegance and clarity.
Career Message: Your mind is not too much. It is a lighthouse for the wild-hearted.

ğŸ’– Love & Companionship
You want a love that sees youâ€”not just your charm or wit, but your sacred restlessness. The New Moon invites vulnerable conversations. The Full Moon may shift how you define love, especially across cultural or intellectual differences.
This is a beautiful month to:
- Deepen connection through shared dreams
- Rekindle passion through conversation
- Let go of love that makes you smaller
Love Spell: I deserve a love that celebrates my multiplicityâ€”not manages it.

ğŸ§˜ Health & Self-Tending
Your nervous system is the gateway to spiritual clarity. Watch for signs of overloadâ€”especially through information binges or scattered routines.
Nurture yourself with:
- Herbal teas and breath pauses
- Handwritten affirmations
- Sacred soundscapes instead of noise
Health Mantra: In quiet, I recalibrate. In rhythm, I remember.

ğŸ§­ Soul Path
You are not a contradictionâ€”you are a constellation of coherence. Let winterâ€™s hush draw your truth forward. Itâ€™s time to write your own origin storyâ€”not the one people expect.
Mantra: I am the question and the answer. I am the scribe and the song."
August 2025,Virgo,Northern,"Theme: Stewardship of self, sacred order, soft power rising

ğŸŒ‘ Moon Phases & Influence
New Moon in Leo (Aug 1) â€“ Lands in your twelfth house of rest, endings, and inner wisdom. A powerful moment to release the weight of old stories, especially the ones you carry in silence. This moon isnâ€™t for productivityâ€”itâ€™s for soul preparation.
Full Moon in Aquarius (Aug 17) â€“ Lights up your sixth house of health, routine, and service. This lunation may bring a clarifying moment about your habits or work-life rhythm. Something is asking to be restructuredâ€”not for control, but for grace.

ğŸ’¼ Career & Purpose
You are quietly realigning your purpose. In early August, you may feel disconnected from motivation, as if your ambitions have grown pale or hollow. Donâ€™t panic. This is a sacred compostingâ€”old goals dissolving to make room for new clarity.
By the Aquarius Full Moon, your daily systems will demand attention. Where are you overgiving? What tools, structures, or workflows need pruning? Mid-month is a great time to update schedules, automate tasks, or realign your work with your energyâ€”not the other way around.
Career Message: Systems that don't serve your soul are noise. Clean the channel.

ğŸ’– Love & Relationships
You are no longer interested in connections that require explanation, justification, or shrinking. The New Moon may prompt a quiet but significant reset in your inner worldâ€”your unconscious patterns, your emotional labor, your sense of what love should be.
Around the Full Moon, a relationship dynamic may become suddenly clear. Not all clarity is closureâ€”some of it is the light that helps you grow something real.
If partnered, schedule a ""reset ritual"" together: share whatâ€™s working, whatâ€™s tiring, and how you can return to shared purpose. If single, trust your discernmentâ€”your attraction radar is sharp, but your boundaries must be sharper.
Love Insight: Love isnâ€™t fixing. Love is witnessing.

ğŸ§˜â€â™€ï¸ Health & Embodiment
The twelfth house New Moon reminds you to slow down and listen to your bodyâ€™s subtler language. This is a perfect time to explore:
- Sleep rituals
- Somatic journaling
- Gentle detox (emotional or physical)
- Saying â€œnoâ€ as a sacred act of restoration
The Full Moon empowers you to tune your routines with precision, not punishment. Itâ€™s a great time to create realistic movement plans, commit to nourishing food patterns, or gently phase out stimulants or habits that make your nervous system twitchy.
Health Reminder: Sacred rhythm > rigid routine.

ğŸ˜Œ Happiness & Soul Expansion
Happiness this month is not performance-based. It lives in the moment you catch yourself smiling at your own progress. In the breath you take before responding. In the slow morning with tea and nothing to prove.
You are remembering that peace is your birthright, not a productivity reward. Find joy in the small systems of your lifeâ€”because the smallest things shape your world.

ğŸ´ Virgo Mantra for August:
â€œMy rhythm is holy. My presence is enough. I refine, not rush.â€
"
August 2025,Virgo,Southern,"Theme: Refine, retreat, realign

ğŸŒ‘ Moon Phases & Influence
New Moon in Leo (Aug 1): Falls in your twelfth house, the realm of the subconscious, endings, dreams, and spiritual healing. This is a private, mystical moon, encouraging you to cleanse hidden fears, shed outdated beliefs, and reset your soul from the inside out. Donâ€™t rush. This is chrysalis time.
Full Moon in Aquarius (Aug 17): Activates your sixth house of health, systems, and daily rhythm. An ideal moment to review your habits and workflowsâ€”and release routines that may be keeping you productive but not fulfilled.

ğŸ’¼ Career & Purpose
This is a behind-the-scenes month. You may feel slightly out of sync with the worldâ€™s paceâ€”and thatâ€™s divine timing. The New Moon supports rest, reflection, or even a sabbatical mindset. Pay attention to dreams and whispers from your intuition.
After the Full Moon, clarity comes in through practical insights: how you schedule your days, how your work aligns with your health, and what kind of structure actually nurtures rather than drains you.
Career Message: True refinement happens when no oneâ€™s watching. Your silence is strategy.

ğŸ’– Love & Relationships
This month, love lives in quiet loyalty, not loud declarations. If youâ€™re in a relationship, carve out intentional solitude together. Less doing, more being. Have the slow conversations. Reconnect through ritualsâ€”tea, shared reading, hand on hand.
If single, you may be drawn to spiritually aligned or emotionally intelligent peopleâ€”but tread slowly. Youâ€™re recalibrating what you truly need in intimacy. The Full Moon might show you a red flag or reveal someoneâ€™s heart.
Love Insight: Choose the one who respects your silences as much as your sparkle.

ğŸ§˜â€â™€ï¸ Health & Embodiment
Your body is asking for a reset, not a revolution. This is a wonderful month to:
- Establish a gentle morning routine
- Try dream journaling or guided sleep rituals
- Cut out toxic productivity patterns
- Let go of perfection-based self-care
The Full Moon offers a reboot of your physical environmentâ€”declutter your workspace, simplify your supplements, and focus on consistency over extremes.
Health Reminder: Healing is not a checklist. Itâ€™s a relationship.

ğŸ˜Œ Happiness & Soul Expansion
Joy comes from within this monthâ€”through clarity, ritual, and soft space. Donâ€™t overexpose your energy. Find beauty in quiet precision: clean sheets, simple meals, a perfect phrase in your journal.
If something ends, bless it. If something begins, let it grow slowly. You are tending to your spirit like a sacred garden, and the seeds you plant now will bloom by spring.

ğŸ´ Virgo Mantra for August:
â€œIn stillness, I refine. In retreat, I remember. I prepare in peace for my next becoming.â€
"
August 2025,Aquarius,NH,"Aquarius â€“ August 2025 Horoscope (Northern Hemisphere)
Theme: Rewrite the script. The future begins with your permission.
ğŸŒ‘ Moon Phases
New Moon in Leo (Aug 1): Activates your seventh house of relationships. A time to set intentions for authentic, reciprocal connection. Who gets to stand beside you nowâ€”and why?
Full Moon in Aquarius (Aug 17): Lands in your first house. This is your moonâ€”an emotional crescendo revealing your truth, your needs, and your next chapter of self-definition.
ğŸ’¼ Career & Purpose
Youâ€™re reevaluating your place in collective structures. The New Moon encourages professional partnerships or client collaborations that mirror your values. Say no to roles that dilute your message or muffle your spark.
Around the Full Moon, expect a revelation: What do I want to be known for? This is a brilliant time to update your website, bio, or brand story.
Career Message: Step into the version of you the world is already waiting for.
ğŸ’– Love & Relationships
This is a relationship pivot point. Whether single or partnered, the New Moon asks: Are your relationships fueled by freedom or fear? If youâ€™re shape-shifting to maintain peace, itâ€™s time to reset.
The Full Moon might surface a need youâ€™ve been downplaying. Say it. Your truth is electric.
Love Insight: You donâ€™t have to earn love by disappearing.
ğŸ§˜â€â™€ï¸ Health & Embodiment
Youâ€™re often future-focusedâ€”but this month, your body demands present-moment care. Prioritize:
Nervous system grounding (bare feet, nature walks)
Unplugged time
A sacred space just for you
Health Reminder: The mind races when the body is neglected.
ğŸ§­ Soul
Youâ€™re not broken. Youâ€™re emerging. The Full Moon is your invitation to release the outdated story and step into your next evolution. It wonâ€™t come with fanfareâ€”itâ€™ll come with clarity.
Mantra: I honour who Iâ€™ve become. I welcome who I am becoming."
August 2025,Aquarius Pisces,NH,"Aquariusâ€“Pisces Cusp â€“ August 2025 (Northern Hemisphere)
Theme: Vision into vessel. Vibration into voice.
ğŸŒ‘ Moon Phases
New Moon in Leo (Aug 1) â€“ Lights your 7th house of partnerships and mirrors. New beginnings in relationshipsâ€”romantic, platonic, or businessâ€”are possible. Youâ€™re attracting who aligns with your soul frequency.
Full Moon in Aquarius (Aug 17) â€“ Activates your 1st house of identity and emergence. A powerful moment to shed roles and reveal truth.
ğŸ’¼ Creativity & Cosmic Work
Youâ€™re a channel this month. Messages, insights, inventionsâ€”theyâ€™re coming fast. Donâ€™t dismiss the bizarreâ€”it may be brilliance in disguise.
Begin passion projects, but donâ€™t overcommit yet
Clarify your why before marketing your what
Trust intuitive hunches in negotiations or interviews
Career Affirmation: I donâ€™t chase alignmentâ€”I emanate it.
ğŸ’– Love & Soulmates
You want more than affectionâ€”you want energetic symbiosis. This month opens portals for deep soul-recognition.
Single? A connection may begin in dreams or digital space
Coupled? Share visions, art, silence. Words may limit what you feel
Love Spell: When I love, I merge galaxies. I open universes.
ğŸ§˜ Inner Realms & Nervous System Wisdom
The veil is thin. You may feel energetically porousâ€”protect your field without closing your heart.
Energy baths (salt, lavender, rose)
Limit caffeine, increase grounding herbs
Create soundscapes that regulate and elevate
Health Mantra: I am a sacred wave, not a sponge.
ğŸ§­ Soul Message
You are not too much. You are just ahead of your time. This month, lean into your mysteryâ€”let your aura speak what words cannot.
Mantra: I flow between worlds. I translate stardust into story."
August 2025,Aquarius Pisces,SH,"Aquariusâ€“Pisces Cusp â€“ August 2025 (Southern Hemisphere)
Theme: Stirring from stillness. Subtle blooming.
ğŸŒ‘ Moon Phases
New Moon in Leo (Aug 1) â€“ Touches your 7th house of partnerships. During this slow and reflective season, a quiet recalibration may beginâ€”a shift in who gets your sacred â€œyes.â€
Full Moon in Aquarius (Aug 17) â€“ Illuminates your 1st house. You may feel the pull to emerge with new clarity, even before spring has arrived.
ğŸ’¼ Path & Subconscious Planning
Youâ€™re not lazyâ€”youâ€™re incubating genius. This is the month to:
Dream new directions without rushing them
Review past efforts with compassion, not critique
Let creativity percolate beneath the surface
Career Reminder: The cocoon is not a cageâ€”itâ€™s alchemy.
ğŸ’– Love & Surrender
Youâ€™re hyper-aware of energetic undercurrents. This month, trust what feels safe, not just exciting.
If single: Intuition will warn or affirm instantlyâ€”donâ€™t override it.
In love: Softness is your secret weapon. You donâ€™t have to be fierce to be strong.
Love Insight: My tenderness is a compass. My boundaries are made of grace.
ğŸ§˜ Body & Spirit Integration
August is not about productivityâ€”itâ€™s about preparation.
Rest often, especially after social interactions
Journal dreams
Tend to your feetâ€”they anchor your magic
Health Mantra: I am tuning my instrument for the symphony ahead.
ğŸ§­ Soul Wisdom
You are not â€œwasting timeâ€ by dreaming, feeling, or floating. You are charging your field for the surge to come. This is the final exhale before your re-emergence.
Mantra: I dissolve to become. I drift to receive. I rise on my own tide."
August 2025,Aquarius,SH,"Aquarius â€“ August 2025 Horoscope (Southern Hemisphere)
Theme: Quiet the noise. Let the signal rise.
ğŸŒ‘ Moon Phases
New Moon in Leo (Aug 1): Activates your seventh houseâ€”relationships, mirrors, projections. Youâ€™re choosing to relate from authenticity, not performance.
Full Moon in Aquarius (Aug 17): In your first house. You are centre stageâ€”but not for applause. This is about radical self-trust.
ğŸ’¼ Career & Purpose
Winter asks you to refine, not broadcast. This is a month for:
Reviewing collaborations
Updating your online presence
Outlining (not launching) bold ideas
The New Moon may highlight partnership dynamicsâ€”are you carrying the vision for both parties? Let the Full Moon restore balance by reminding you: you are not the support act in your own life.
Career Message: If you donâ€™t take up space in your dream, no one else can hold it for you.
ğŸ’– Love & Relationships
Thereâ€™s a beautiful honesty available this monthâ€”if you dare to speak without armour. This isnâ€™t about drama, but clarity. The New Moon can bring new connections or deepen existing ones through shared truth.
If things feel misaligned, the Full Moon might bring a clean emotional reset. Not to severâ€”but to liberate.
Love Insight: Intimacy begins where the mask ends.
ğŸ§˜ Health & Embodiment
Your bodyâ€™s whispers are valid. You may feel sudden energy spikes or crashesâ€”especially around the Full Moon. Respond with ritual, not routine:
Sound healing
Breathwork
Time offline
Health Reminder: Clarity requires quiet.
ğŸ§­ Soul
This is a winter of revelation. Let go of self-concepts that no longer fit. Youâ€™re not meant to be consistentâ€”youâ€™re meant to be true.
Mantra: In stillness, I recognise myself. I do not flinch from the mirror."
August 2025,Aries Taurus,NH,"Ariesâ€“Taurus Cusp â€“ August 2025 (Northern Hemisphere)
Theme: Make sacred what once felt routine. Anchor your fire, rise from your roots.
ğŸŒ‘ Moon Phases
New Moon in Leo (Aug 1) â€“ Your fourth house of home, belonging, and emotional inheritance. A sacred time to cleanse ancestral patterns, rewrite your sense of safety, and bless the place you call â€œhome.â€
Full Moon in Aquarius (Aug 17) â€“ Your tenth house of purpose and reputation. Expect a revelation around your public identity, work path, or soulâ€™s legacy.
ğŸ’¼ Career & Creation
This is a month of foundational clarity. The New Moon pulls you inwardâ€”reminding you that your inner house must be strong before your empire can rise.
The Full Moon brings outer clarityâ€”maybe a public recognition, a leadership opportunity, or a calling to course-correct toward work that feels deeply aligned.
You donâ€™t just chase successâ€”you build it with sacred hands.
Career Message: Your legacy doesnâ€™t come from noise. It blooms from alignment.
ğŸ’– Love & Partnership
You crave stability and soulfire. This month, youâ€™re being asked to communicate your needsâ€”not from urgency, but from rooted truth.
Single? A connection may bloom slowly but feel spiritually aligned.
Partnered? Repair and renewal are possible, especially if you create rituals of affectionâ€”candles, meals, touch, words.
Love Insight: You are not too much. You are exactly enough for someone with depth.
ğŸ§˜ Embodiment
Your body is asking for rhythm over rigor:
Rise with the sun and pause before sleep
Create a movement practice that feels ritualistic
Feed yourself as if you were tending a temple
Health Spell: I honour my hunger, my rest, and my breath as sacred acts.
ğŸ§­ Soulwork
This is a month to reclaim your right to slow down without shame. You are not a machineâ€”you are a mystical ecosystem. Let August be your repatterning month, where discipline becomes devotion.
Mantra: I rise in stillness and bloom in truth. I make the ordinary divine."
August 2025,Aries Taurus,SH,"Ariesâ€“Taurus Cusp â€“ August 2025 (Southern Hemisphere)
Theme: Deep roots. Quiet fire. This is not a pauseâ€”itâ€™s a preparation.
ğŸŒ‘ Moon Phases
New Moon in Leo (Aug 1) â€“ Your fourth houseâ€”an invitation to restore, rest, and reconnect with what grounds you. Let this be a quiet ritual of ancestral healing and hearth magic.
Full Moon in Aquarius (Aug 17) â€“ Your tenth house of public standing. Even in the chill of late winter, a flare of purpose or recognition may emerge.
ğŸ’¼ Purpose & Legacy
While the world around you is subdued, you are gestating a new way of being. This is not about pushing forwardâ€”itâ€™s about aligning so deeply with your truth that action becomes effortless when spring returns.
Let the New Moon guide home rituals: clear spaces, build altars, speak aloud what you want to welcome.
The Full Moon may bring a message, a job opportunity, or a new lens on your role in the collective.
Career Spell: From stillness, I remember. From clarity, I build.
ğŸ’– Love & Ritual Intimacy
You want something real, rooted, reverent. This month offers:
The chance to slow-bloom something enduring
Reignite a bond through touch, presence, and patience
Let go of old emotional dynamics in favor of co-regulation and calm
Love Insight: Deep love isn't always loud. Sometimes it sounds like breath, warmth, and â€œIâ€™m here.â€
ğŸ§˜ Embodiment & Ritual
Winter calls your body inward. Honour it with:
Warm meals and grounding herbs
Restorative movement: stretch, slow walks, herbal baths
Mid-morning journaling with tea and candlelight
Health Message: My rhythms are sacred. I heal in the quiet.
ğŸ§­ Spirit & Integration
You are the wild seed buried beneath the snowâ€”not dormant, but dreaming. Let yourself believe that being is just as powerful as doing.
Mantra: I soften, and I become stronger. My truth rises from stillness like spring from soil."
August 2025,Cancer,NH,"Cancer â€“ September 2025 Horoscope (Southern Hemisphere)
Theme: Rebuilding the shell, reclaiming the centre
ğŸŒ‘ Moon Phases & Influence
New Moon in Virgo (Sep 1): Highlights your third houseâ€”mental clarity, local rhythms, and conscious communication. It brings a gentle push to organize your thoughts and start articulating a new version of your voice. Journaling, study, or reconnecting with siblings/neighbors may take center stage. Itâ€™s less about visibility, more about integrity of expression.
Full Moon in Pisces (Sep 17): Activates your ninth houseâ€”vision, faith, and spiritual growth. Expect a dream to crystallize, or an old belief system to dissolve. Youâ€™re shedding some inherited story about who you should be. This moon bathes you in soft truth: youâ€™re allowed to be changed by wonder.
ğŸ’¼ Career & Purpose
This is a planning month, not a sprint. Youâ€™re gathering scattered intentions and starting to translate them into sustainable structures. If youâ€™ve been floating between possibilities, the Virgo New Moon supports building a routine, setting deadlines, or creating a new system for your work-life balance.
Collaborations that once felt aligned may begin to wobble unless communication is crystal clear. Around the Full Moon, you may have a flash of insight about a larger pathâ€”a new calling, spiritual training, or travel idea that excites you beyond reason. Donâ€™t act impulsivelyâ€”but do listen.
Career Message: Give your plans a spine. Let the vision emerge slowlyâ€”but give it a home to land in.
ğŸ’– Love & Relationships
Relationships this month are subtle but significant. Small gestures matter more than declarations. Youâ€™re craving depth, but not drama. This spring, you want connection that feels like shelter, not spectacle.
If partnered, this is a beautiful time to reset communication. Revisit shared dreams, clarify boundaries, and re-establish sacred routinesâ€”whether itâ€™s Sunday morning coffee or a weekly check-in. If single, someone intriguing may arrive through a shared creative or spiritual pursuit. Look for those who calm your nervous system, not stir it into chaos.
Relationship Insight: Ask yourselfâ€”am I being open or just porous? One leads to love, the other to exhaustion.
ğŸ§˜â€â™€ï¸ Health & Embodiment
Youâ€™re beginning to wake upâ€”but gently. Spring wants you to stretch, not sprint. Focus on nourishment rather than performance: warm food, slow walks, grounding breathwork. Your nervous system is still recalibrating from winterâ€™s internalization. Donâ€™t push it.
Mental clarity improves mid-month, especially if youâ€™ve been feeling foggy or indecisive. The Virgo Moon supports organizing your mind through your spaceâ€”clean out a drawer, create a ritual altar, refresh your digital life.
Health Reminder: Treat your body like a tideâ€”it knows when to ebb, and when to rise.
ğŸ˜Œ Happiness & Soul Expansion
Joy returns through pattern and poetry. This month isnâ€™t about wild adventuresâ€”itâ€™s about reconnecting with what makes you feel in tune. Music, plants, moonlight, long-form reading. Anything that feels sacred and unhurried.
The Full Moon may stir emotions youâ€™ve buried under logic. Donâ€™t be afraid to cry over something beautiful. Youâ€™re not fragileâ€”youâ€™re exquisitely attuned.
ğŸ´ Cancer Mantra for September:
â€œI honour my rhythm. I protect my peace. I rise like spring watersâ€”slow and sure.â€
Would you like a Northern Hemisphere version, or a Cancer-aligned ritual spell for the Pisces Full Moon? I can also provide affirmations, meditations, or art prompts tailored to this monthâ€™s themes.
You said:
Sorry Cancer for August
ChatGPT said:
Thank you! Here's a completely original Southern Hemisphere horoscope for Cancer â€“ August 2025, aligned with the last breath of winter and the earliest signs of spring. It reflects Cancerâ€™s deeply intuitive and nurturing nature while drawing from seasonal and lunar cues in the Southern skyâ€”including the New Moon in Leo (Aug 1) and the Full Moon in Aquarius (Aug 17).
ğŸŒŠ Cancer â€“ August 2025 Horoscope (Southern Hemisphere)
Theme: Quiet renewal, sovereignty of the soul
ğŸŒ‘ Moon Phases & Influence
New Moon in Leo (Aug 1): Activates your second house of self-worth, income, and physical grounding. A gentle new chapter begins around how you value your energy, and how you spend itâ€”in relationships, at work, and within. This is a powerful time to reset your relationship with money, time, and personal boundaries.
Full Moon in Aquarius (Aug 17): Lights up your eighth houseâ€”transformation, trust, and soul-level contracts. You may feel called to release debtsâ€”emotional or literal. This moon highlights what no longer needs to be held. Let go with grace.
ğŸ’¼ Career & Purpose
This is a strategic pause month. Youâ€™re gathering inner strength before the surge of spring. The Leo New Moon asks you to invest in your valueâ€”not just financially, but energetically. Where have you been undervaluing your work, your wisdom, your worth?
A good time to review your pricing, your workflow, or how you assert yourself in collaborative spaces. Around the Full Moon, something may shift in a shared resource or power dynamic. Be mindful of any old tendency to stay small to keep the peace.
Career Message: You are the resource. Donâ€™t sell yourself short to stay comfortable.
ğŸ’– Love & Relationships
Youâ€™re craving deeper emotional reciprocity, but you may not be ready to shout it. This month, the heart softens in quiet momentsâ€”warm meals, eye contact, stories that feel like home. If partnered, talk gently but honestly about money, intimacy, or shared responsibilities. Emotional labor needs balancing.
If single, your attraction radar is shifting. You want truth, not performance. Someone magnetic may emergeâ€”but donâ€™t ignore red flags. Tune in to how your body feels around them. Safety will feel like expansion, not adrenaline.
The Full Moon may spotlight secretsâ€”your own or someone elseâ€™s. Move with integrity. Say less if you're unsure. Feel more before you speak.
ğŸ§˜â€â™€ï¸ Health & Embodiment
Your body may be asking for warmthâ€”slow food, weighted blankets, and movement that centres instead of depletes. Yin yoga, resistance-based training, or even dancing alone in your room will be more beneficial than high-impact goals right now.
The New Moon is ideal for setting new financial wellness goals that support your bodyâ€”healthy meals, massage, or even changing work routines that cause chronic stress. Around the Full Moon, avoid energy leaks (social overwhelm, too much screen time).
Health Reminder: Rest is not a rewardâ€”itâ€™s a right. Let your body lead your schedule.
ğŸ˜Œ Happiness & Soul Expansion
Joy flickers in simplicityâ€”handwritten notes, clean sheets, sunlight through windows. Youâ€™re being called inward, but not in isolation. Community, even in quiet ways, is essential. Reach out. Let someone care for you, too.
The Full Moon is a powerful time for energetic shedding. Write down what youâ€™re done holdingâ€”then burn or bury the list. Grief can be sacred. Letting go doesnâ€™t mean it didnâ€™t matter.
ğŸ´ Cancer Mantra for August:
â€œI do not rush the thaw. My worth is not negotiable. I bloom with patience and purpose.â€"
August 2025,Cancer Leo,NH,"Cancerâ€“Leo Cusp â€“ August 2025 (Northern Hemisphere)
Theme: Lead from the heart. Shine without shrinking.
ğŸŒ‘ Moon Phases
New Moon in Leo (Aug 1) â€“ This oneâ€™s personalâ€”it touches your first house. This is your cosmic reset, a time to set intentions about who you are and how you show up.
Full Moon in Aquarius (Aug 17) â€“ Activates your seventh house of relationships. The mirror is held up. See clearly. Release with kindness.
ğŸ’¼ Career & Expression
August opens the curtain. If youâ€™ve been holding back, now is your time to take the mic. Whether itâ€™s:
Launching something
Speaking publicly
Declaring a new identity
...your power lies in authentic self-expressionâ€”not performative confidence.
The Full Moon may bring relational clarity in businessâ€”a partnerâ€™s intentions may be revealed, a collaboration may shift, or you may decide to fly solo.
Career Spell: I do not audition for worth. I embody my light.
ğŸ’– Love & Intimacy
You're all eyes that feel and spines that protect. You long for someone who loves the parts of you that donâ€™t perform.
Single? You attract someone who sees past your sparkle into your storm.
In partnership? Strip away expectations. Ask for softness without guilt.
Let the Full Moon help you rewrite an old story about deserving love.
Love Insight: Love that lasts doesnâ€™t dim your flameâ€”it becomes the firelight.
ğŸ§˜ Body & Soul
Your body is an emotional compass this month:
If your chest tightens, ask what you're guarding.
If your back aches, ask what burden you carry.
If you lose your voice, ask what youâ€™ve silenced.
Hydration, sun exposure, and emotional expression are key.
Health Mantra: My feelings donâ€™t make me fragile. They make me full.
ğŸ§­ Soul Note
You are not the shell or the crown. You are the one who knows how to retreat and when to roar.
This month is your sovereign initiation. Step into it.
Mantra: I am the storm and the sunrise. I do not shrink to fit the worldâ€”I rise to change it."
August 2025,Cancer Leo,SH,"Cancerâ€“Leo Cusp â€“ August 2025 (Southern Hemisphere)
Theme: Retreat, restore, and prepare to reign.
ğŸŒ‘ Moon Phases
New Moon in Leo (Aug 1) â€“ This moon lands in your first houseâ€”a gentle but fiery soul reset. Youâ€™re being asked to strip back the noise and re-meet your true self.
Full Moon in Aquarius (Aug 17) â€“ Illuminates your seventh houseâ€”relationships shift, truths surface, new soul contracts may begin or end.
ğŸ’¼ Purpose & Presence
Though the world around you may be still in winterâ€™s hush, something within you is stirring back to life.
Youâ€™re redefining:
Who you are when no oneâ€™s watching
What kind of leader you want to be
What kind of legacy you want to leave
This is a slow rebirth, not a spectacle. Donâ€™t rush it.
Career Spell: My light returns on its own terms. I honour its rhythm.
ğŸ’– Love & Heart Alchemy
Love wants to be real, not rehearsed. You crave a connection that doesnâ€™t flinch when your softness showsâ€”or your sovereignty demands space.
Single? Stay open. A soulful flirtation may bloom from an unexpected place.
Partnered? Let tenderness lead. Not performance. Not pressure. Just presence.
Love Reminder: Your vulnerability is your crown. Wear it anyway.
ğŸ§˜ Embodiment & Restoration
The body is not meant to shine constantly. Some seasons are for glow. Others are for gathering your golden embers in silence.
Prioritise:
Warmth (sunlight, teas, baths, slow walks)
Sleep hygiene (digital boundaries, candle rituals)
Gentle movement (stretching, heart-opening poses)
Health Mantra: I soften into strength. I honour rest as royalty.
ğŸ§­ Spiritual Message
This month, the stars whisper:
â€œYou are no longer required to explain your radiance. You were not made to dim.â€
The duality within you is holy. The ache and the glory, the retreat and the returnâ€”itâ€™s all part of your royal becoming.
Mantra: I am tenderness wrapped in firelight. I rise with reverence and roar with love."
August 2025,Capricorn Aquarius,NH,"Capricornâ€“Aquarius Cusp â€“ August 2025 (Northern Hemisphere)
Theme: Build what has never existed. Reform what has.
ğŸŒ‘ Moon Phases
New Moon in Leo (Aug 1) â€“ Sparks your 8th house of rebirth, intimacy, and deep transformation. Itâ€™s time to clear internal clutter and reclaim your energetic power.
Full Moon in Aquarius (Aug 17) â€“ Lands in your 2nd house of values, money, and self-worth. A brilliant culmination or insight could change how you see your worthâ€”or spend it.
ğŸ’¼ Career & Innovation
Youâ€™re redefining what â€œsuccessâ€ meansâ€”on your own quantum terms. The energy this month is ideal for:
Breaking free from outdated obligations
Launching or ideating socially conscious ventures
Reworking financial strategies to reflect freedom, not fear
Career Mantra: Structure becomes sacred when it serves something greater.
ğŸ’– Love & Unorthodox Bonding
You crave connection that feels both celestial and grounded. Expect the unexpected in love.
Single? A chance encounter may spark a wildly unique romance.
Coupled? Try new ways to communicateâ€”maybe even non-verbal, creative, or ritual-based.
Love Insight: The mind is foreplay. The soul is glue.
ğŸ§˜ Health & Energetic Alignment
This month reminds you: your nervous system is the oracle. Slow it. Stabilise it.
Limit screen time, especially before sleep
Practice future-vision meditations: Where am I truly headed?
Work with aquamarine, hematite, or blue kyanite
Health Reminder: The clearest signal comes through a grounded channel.
ğŸ§­ Soul Message
You are the bridge between tradition and tomorrow. When others doubt what can be doneâ€”you already feel it forming.
Mantra: I am the architect of awe. I hold logic and magic in equal hands."
2025-08-01,Capricorn Aquarius,Southern,"Capricornâ€“Aquarius Cusp â€“ August 2025 (Southern Hemisphere)
Theme: Quiet quantum shifts. Sacred rebellion.
ğŸŒ‘ Moon Phases
New Moon in Leo (Aug 1) â€“ Activates your 8th house of spiritual clearing and inner mystery. Perfect for winter ritual work, releasing old energy, and reclaiming hidden parts of self.
Full Moon in Aquarius (Aug 17) â€“ Illuminates your 2nd house: what you value, what you own, and how you define enoughness.
ğŸ’¼ Future-Building
This is a code-writing monthâ€”but the code is for your personal future.
Rest while reprogramming limiting beliefs
Sketch (not execute) your next offering or business move
Keep your strategy private for now; itâ€™s sacred gestation
Career Message: Youâ€™re not behindâ€”youâ€™re in the lab.
ğŸ’– Love & Reawakening
Emotional frost is thawingâ€”but only for those who see the real you.
Single? A poetic, unconventional person may spark deep resonance
In love? Ritualise reconnection through letters, music, or symbolic gifts
Love Spell: My love is not ordinaryâ€”it is orbit-shifting.
ğŸ§˜ Energy & Healing
Your body is speaking in symbols: listen for patterns, not noise.
Track your dreams
Wrap yourself in indigo, silver, or black while journaling
Burn eucalyptus or myrrh for cleansing
Health Mantra: Even in stillness, I evolve.
ğŸ§­ Soul Wisdom
You are not meant to blend inâ€”you are meant to reshape the horizon. This month, let your soulâ€™s strange rhythms guide your realignment.
Mantra: I am the portal. I am the plan."
2025-08-01,Capricorn,Northern,"Capricorn â€“ August 2025 Horoscope (Northern Hemisphere)
Theme: Let go to rise. You're not just the mountainâ€”youâ€™re the wind that shapes it.
ğŸŒ‘ Moon Phases
New Moon in Leo (Aug 1): In your eighth house of shared resources, intimacy, and transformation. Youâ€™re releasing old entanglementsâ€”emotionally, financially, or sexuallyâ€”and calling in deeper alignment.
Full Moon in Aquarius (Aug 17): Illuminates your second house of income, values, and self-worth. You may experience a breakthrough in how you see your value or a shift in material stability.
ğŸ’¼ Career
This is a month of strategic realignment, not brute force. The New Moon invites you to examine financial partnerships, contracts, or emotional energy leaks that are silently costing you power. By the Full Moon, expect a clarifying moment around what you're worthâ€”and whether your outer world reflects it.
Message: Legacy is not about control. It's about alignment.
ğŸ’– Love
This month asks for vulnerability. Intimacy wants truth, not polish. If you're partnered, let yourself be seen beneath the armor. If single, you may meet someone through emotional work, shared healing, or a financial context.
Insight: True power in love comes from surrender, not strategy.
ğŸ§˜ Health
Your nervous system is carrying more than your schedule admits. Prioritize:
Energy healing or somatic release
Financial wellness as a form of stress care
Journaling what youâ€™re scared to say aloud
Reminder: Safety is your new success metric.
ğŸ§­ Soul
You're walking through an inner initiation. Let August teach you that strength doesn't always pushâ€”it sometimes lets go.
Mantra: I dissolve what no longer defines me. I am safe to rise in new ways."
2025-08-01,Capricorn,Southern,"Capricorn â€“ August 2025 Horoscope (Southern Hemisphere)
Theme: Rest is not a weakness. Winter is preparation for legacy.
ğŸŒ‘ Moon Phases
New Moon in Leo (Aug 1): Lights up your eighth house of deep transformation. Let this be a quiet, candlelit ritual of soul compostingâ€”burning old shame, guilt, or expectations.
Full Moon in Aquarius (Aug 17): Touches your second house of worth and resources. You may realize youâ€™ve been undercharging, overgiving, or undervaluing your inner gold.
ğŸ’¼ Career
Late winter demands less execution and more foundation-checking. Audit your systems. Are you working sustainably? Are your rates aligned? This is the perfect time for:
Budget overhauls
Pricing reflection
Delegation plans
By the Full Moon, you may experience a subtle but powerful clickâ€”a moment of remembering your intrinsic value.
Message: Build quietly now. Youâ€™re laying gold into the bones of your empire.
ğŸ’– Love
Love may feel like deep water this monthâ€”not stormy, but vast. Emotional truths may rise uninvited. Donâ€™t resist. Speak them softly.
If partnered, tend to shared responsibilities and private intimacy. If single, you may feel drawn to connections that feel like emotional homecomingâ€”but make sure you're not mistaking familiarity for alignment.
Insight: Love without honesty is just performance.
ğŸ§˜ Health
Your body is whispering, not shouting. Listen. Youâ€™ll benefit from:
Gentle heat (infrared, saunas, warming foods)
Energetic cleansing
Letting go of â€œdoingâ€ as your only identity
Reminder: Rest now and the spring will not burn you out.
ğŸ§­ Soul
You are the architect and the anchor. Let August restore your inner structureâ€”not through plans, but through presence.
Mantra: In stillness, I recover my strength. My silence is my sanctuary."
2025-08-01,Gemini Cancer,Southern,"Geminiâ€“Cancer Cusp â€“ August 2025 (Southern Hemisphere)
Theme: Truth beneath the frost. There is fire in your feelings.
ğŸŒ‘ Moon Phases
New Moon in Leo (Aug 1) â€“ Falls in your second houseâ€”a powerful point to reclaim self-worth through stillness and reconnection to what truly nourishes you.
Full Moon in Aquarius (Aug 17) â€“ Opens your eighth houseâ€”expect spiritual awakenings, emotional closures, and ancestral echoes. Let the endings come.
ğŸ’¼ Work & Soul Wealth
This is not a month for forcing visibility. Itâ€™s about soul-rich recalibration. Whatâ€™s the cost of performing a version of yourself that isnâ€™t real?
The New Moon invites quiet reclamation of your value. The Full Moon might bring:
A secret revealed
A financial shift
A deep knowing that itâ€™s time to change paths
Career Spell: I choose aligned impact over empty productivity.
ğŸ’– Love & Devotion
You're a sacred shapeshifter in loveâ€”but donâ€™t shapeshift so much that you disappear.
If single: someone may stir your soul but test your boundaries. Listen to your gut.
If partnered: this is a time to co-regulate. Talk not just about goals, but fears, childhood scripts, and how love lands in your nervous system.
Love Message: The right person holds space for your softness without question.
ğŸ§˜ Wellness & Energy
Youâ€™re sensitive to light, sound, and psychic residue this month. Create insulation:
Limit screen time, especially before bed
Take warm baths or showers by candlelight
Use water to release what words canâ€™t
Health Insight: Release isnâ€™t weaknessâ€”itâ€™s resilience.
ğŸ§­ Soulwork
You are not meant to â€œpick a side.â€ You are the sacred seam between knowing and feeling, air and water, sky and sea. This month, embody your oracle-self.
Mantra: My voice is my spell. My feelings are my guide. I belong to both."
2025-08-01,Gemini Canver,Northern,"Geminiâ€“Cancer Cusp â€“ August 2025 (Northern Hemisphere)
Theme: Speak what the soul knows. Feel what the mind forgot.
ğŸŒ‘ Moon Phases
New Moon in Leo (Aug 1) â€“ Activates your second house: self-worth, money, values. A beautiful time to realign your inner and outer currencyâ€”what you treasure, how you invest, what you deserve.
Full Moon in Aquarius (Aug 17) â€“ Illuminates your eighth house: transformation, intimacy, shared resources. Shadows come to lightâ€”but they free you, not bind you.
ğŸ’¼ Purpose & Abundance
You are magic in motionâ€”but this month, youâ€™re being asked to pause and plant. Instead of chasing ideas, youâ€™re anchoring them into real-world value.
The New Moon asks: What do I believe Iâ€™m worth?
The Full Moon asks: What am I afraid to let go ofâ€”even if it no longer serves me?
Big shifts in money, collaborations, or investments are possible. But they begin with internal rebalancing.
Career Message: When your energy is aligned, your outcomes follow.
ğŸ’– Love & Connection
Your heart wants poetryâ€”but your soul craves emotional security. August reminds you that you donâ€™t have to sacrifice one for the other.
Single? You may feel pulled toward someone who triggers both curiosity and nostalgia.
Partnered? Youâ€™re craving deeper trustâ€”less performance, more presence.
Let your softness be your compass.
Love Spell: My love does not begâ€”it beckons.
ğŸ§˜ Body & Emotions
This month is tenderâ€”but sacred. Protect your energy through:
Sensory rituals (music, water, touch)
Journaling your emotional patterns
Grounding routines (sleep, hydration, moon-gazing)
Health Mantra: I trust my inner tides. I move with, not against, my waves.
ğŸ§­ Soul Guidance
You are the oracle of the in-between. Not just mind or heartâ€”but the bridge. This is a month of emotional fluency, not perfection.
Mantra: I translate the unseen. I honour the whole story of who I am."
2025-08-01,Leo Libra August,Northern,"Leoâ€“Libra Cusp â€“ August 2025 (Northern Hemisphere)
Theme: Lead with heart. Charm with purpose. Balance with integrity.
ğŸŒ‘ Moon Phases
New Moon in Leo (Aug 1) â€“ Falls in your 11th house of vision, community, and future dreams. A perfect moment to set intentions for collaborative impact and creative innovation.
Full Moon in Aquarius (Aug 17) â€“ Activates your 5th house of romance, expression, and joy. Expect breakthroughs in art, love, or the healing of your inner child.
ğŸ’¼ Career & Creative Voice
You're radiating magnetism and strategy, and people notice. But this month, you're being asked: Does your charm serve your soulâ€”or just others' comfort?
Let the New Moon re-align your future goals with authentic expression. The Full Moon may bring:
A creative launch
Recognition from a community
An awakening around purpose vs. performance
Career Reminder: You are not here to be liked. You're here to illuminate something sacred.
ğŸ’– Love & Magnetism
Youâ€™re irresistibleâ€”but your soul craves something deeper than flattery. You want beauty with substance, connection with equality.
Single? You may draw someone with artistic depth or revolutionary ideals.
Partnered? Elevate the connection by sharing your creative dreams or joining a shared cause.
Love Spell: True romance sees me fully and lifts me higher.
ğŸ§˜ Body & Balance
You thrive when your aesthetic world supports your inner peace. This month, refine your environment and daily flow:
Curate your space for beauty and clarity
Keep your calendar aligned to energy, not ego
Express through fashion, scent, sound, movement
Health Mantra: Harmony is not passivity. It is power in proportion.
ğŸ§­ Soul Message
You are not here to perform peaceâ€”you are here to embody it. Let Leo's flame light the truth, and Libraâ€™s scales guide the justice.
Mantra: My presence is both a mirror and a muse."
2025-08-01,Leo Libra,Southern,"Leoâ€“Libra Cusp â€“ August 2025 (Southern Hemisphere)
Theme: Restoring radiance through quiet rebalancing.
ğŸŒ‘ Moon Phases
New Moon in Leo (Aug 1) â€“ Lights up your 11th house, asking: What communities deserve your energy? What dreams still glow within you that you've dimmed to fit in?
Full Moon in Aquarius (Aug 17) â€“ Your 5th house is lit like a stageâ€”what creative flame is waiting to be rekindled?
ğŸ’¼ Purpose & Refinement
Youâ€™re gifted with visionâ€”but this month, donâ€™t over-plan. Feel your way forward.
Ask: What no longer aligns, even if it once worked?
Let the Full Moon call forth a dormant artistic or romantic part of you
Donâ€™t be afraid to be seen againâ€”even in winterâ€™s hush
Career Insight: Let refinement be sacredâ€”not self-erasing.
ğŸ’– Love & Sacred Attraction
Your energy is warming from the inside out. You want a love thatâ€™s not just poetryâ€”but ethically grounded and emotionally intelligent.
Single? Watch for encounters that begin in silence but deepen fast.
Coupled? Explore sensuality without agenda. Reclaim pleasure, not productivity.
Love Reminder: When I am fully me, I attract fully aligned love.
ğŸ§˜ Healing & Embodiment
This is a month for ritual beauty, not busy beauty. Try:
Gua sha, skin rituals, sacred baths
Movement as art, not just exercise
Wearing clothes that reflect how you want to feel
Health Mantra: When I restore rhythm, I reveal radiance.
ğŸ§­ Soul Guidance
The Leoâ€“Libra cusp is the sovereign artist. The gracious leader. The romantic diplomat. August asks you to remember your creative birthrightâ€”and to make peace an art form, not an expectation.
Mantra: I balance boldness with beauty. I am grace set aflame."
2025-08-01,Leo,Northern,"Leo â€“ August 2025 Horoscope (Northern Hemisphere)
Theme: Command the fire, donâ€™t let it burn you
ğŸŒ‘ Moon Phases & Influence
New Moon in Leo (Aug 1) â€“ In your first house of identity. A rare and personal reset. This is your cosmic birthday, a chance to define who you are without apology or performance. Set intentions for authentic expression and renewed vitality.
Full Moon in Aquarius (Aug 17) â€“ Lights up your seventh house of partnerships. Expect clarity or revelations in relationships. The mirror others hold up for you may reflect both wounds and wisdom.
ğŸ’¼ Career & Purpose
This is a peak manifestation month, but also one that asks you to lead with vision, not ego. The New Moon is ideal for launching a project, refining your personal brand, or taking center stage in a way that feels soul-aligned.
The Full Moon may bring a shift in a key relationshipâ€”professional or personal. Watch for power struggles or disconnection in partnerships. Lead with integrity, not defensiveness.
Career Message: Power without purpose burns out fast. Anchor your ambition in what feels holy.
ğŸ’– Love & Relationships
Youâ€™re magnetic, but not everyone whoâ€™s drawn to your glow deserves your flame. Early in the month, your heart wants adoration and playfulness, but by the Full Moon, youâ€™re craving depth and truth.
New flirtations may emerge around August 1, but their true test will come mid-month. If partnered, discuss what support and growth look like long-termâ€”not just passion in the moment.
Love Insight: Your softness is sacred. Donâ€™t give it to someone who only loves your sparkle.
ğŸ§˜â€â™€ï¸ Health & Embodiment
The fire is highâ€”channel it wisely. Move your body, sweat with intention, and make space for stillness after the storm. Youâ€™ll benefit from early-morning movement and sunlight rituals, but hydrate and rest as much as you roar.
ğŸ˜Œ Soul Note
Youâ€™re not required to shine 24/7. Let your light be cyclical. Let your joy return to you first, not just to the world.
Mantra: â€œI burn for no one but myself.â€"
2025-08-01,Leo,Southern,"Leo â€“ August 2025 Horoscope (Southern Hemisphere)
Theme: Reign from the roots, not the crown
ğŸŒ‘ Moon Phases & Influence
New Moon in Leo (Aug 1) â€“ Falls in your eighth house. A time of deep inner renewal. This is less about display, more about transmutationâ€”releasing old attachments, shedding self-image expectations, and reclaiming emotional power.
Full Moon in Aquarius (Aug 17) â€“ Highlights your second house. You may have a financial or value-based awakening. Itâ€™s time to re-evaluate what you truly needâ€”and what youâ€™re worth.
ğŸ’¼ Career & Purpose
This isnâ€™t your public-facing month. Youâ€™re working behind the veil, laying foundation stones others donâ€™t see. Focus on the why behind your ambitions. Strip back the branding, the packaging, the metricsâ€”whatâ€™s the soul of your work?
The Full Moon may reveal a money pattern, a self-worth challenge, or a scarcity wound ready to be rewritten.
Career Message: Power that comes from shadow-work is indestructible.
ğŸ’– Love & Relationships
Love takes on an alchemical edge this month. Youâ€™re either deepening or dissolving. The New Moon may bring a magnetic soul tie or a private reckoning. This is a month for sacred honesty, especially in matters of intimacy and emotional labor.
If single, you may attract someone through spiritual or emotional intensity. Proceed with awareness, not just allure.
Love Insight: Not every intense connection is a soul contract. Learn the difference between chemistry and communion.
ğŸ§˜â€â™€ï¸ Health & Embodiment
Your body is whispering ancient truthsâ€”are you listening? Prioritize emotional detox, water rituals, bodywork, or breathwork. If youâ€™ve ignored trauma held in the hips, heart, or gut, this is the time to release it. Less cardio, more catharsis.
ğŸ˜Œ Soul Note
Rebirth begins beneath the surface. You are not what you own, perform, or prove. You are the warmth under the winter soilâ€”patient, present, powerful.
Mantra: â€œMy roots run deeper than my roar.â€"
2025-08-01,Leo Virgo August,Northern,"Leoâ€“Libra Cusp â€“ August 2025 (Northern Hemisphere)
Theme: Lead with heart. Charm with purpose. Balance with integrity.
ğŸŒ‘ Moon Phases
New Moon in Leo (Aug 1) â€“ Falls in your 11th house of vision, community, and future dreams. A perfect moment to set intentions for collaborative impact and creative innovation.
Full Moon in Aquarius (Aug 17) â€“ Activates your 5th house of romance, expression, and joy. Expect breakthroughs in art, love, or the healing of your inner child.
ğŸ’¼ Career & Creative Voice
You're radiating magnetism and strategy, and people notice. But this month, you're being asked: Does your charm serve your soulâ€”or just others' comfort?
Let the New Moon re-align your future goals with authentic expression. The Full Moon may bring:
A creative launch
Recognition from a community
An awakening around purpose vs. performance
Career Reminder: You are not here to be liked. You're here to illuminate something sacred.
ğŸ’– Love & Magnetism
Youâ€™re irresistibleâ€”but your soul craves something deeper than flattery. You want beauty with substance, connection with equality.
Single? You may draw someone with artistic depth or revolutionary ideals.
Partnered? Elevate the connection by sharing your creative dreams or joining a shared cause.
Love Spell: True romance sees me fully and lifts me higher.
ğŸ§˜ Body & Balance
You thrive when your aesthetic world supports your inner peace. This month, refine your environment and daily flow:
Curate your space for beauty and clarity
Keep your calendar aligned to energy, not ego
Express through fashion, scent, sound, movement
Health Mantra: Harmony is not passivity. It is power in proportion.
ğŸ§­ Soul Message
You are not here to perform peaceâ€”you are here to embody it. Let Leo's flame light the truth, and Libraâ€™s scales guide the justice.
Mantra: My presence is both a mirror and a muse."
2025-08-01,Leo Virgo,SH,"Leoâ€“Libra Cusp â€“ August 2025 (Southern Hemisphere)
Theme: Restoring radiance through quiet rebalancing.
ğŸŒ‘ Moon Phases
New Moon in Leo (Aug 1) â€“ Lights up your 11th house, asking: What communities deserve your energy? What dreams still glow within you that you've dimmed to fit in?
Full Moon in Aquarius (Aug 17) â€“ Your 5th house is lit like a stageâ€”what creative flame is waiting to be rekindled?
ğŸ’¼ Purpose & Refinement
Youâ€™re gifted with visionâ€”but this month, donâ€™t over-plan. Feel your way forward.
Ask: What no longer aligns, even if it once worked?
Let the Full Moon call forth a dormant artistic or romantic part of you
Donâ€™t be afraid to be seen againâ€”even in winterâ€™s hush
Career Insight: Let refinement be sacredâ€”not self-erasing.
ğŸ’– Love & Sacred Attraction
Your energy is warming from the inside out. You want a love thatâ€™s not just poetryâ€”but ethically grounded and emotionally intelligent.
Single? Watch for encounters that begin in silence but deepen fast.
Coupled? Explore sensuality without agenda. Reclaim pleasure, not productivity.
Love Reminder: When I am fully me, I attract fully aligned love.
ğŸ§˜ Healing & Embodiment
This is a month for ritual beauty, not busy beauty. Try:
Gua sha, skin rituals, sacred baths
Movement as art, not just exercise
Wearing clothes that reflect how you want to feel
Health Mantra: When I restore rhythm, I reveal radiance.
ğŸ§­ Soul Guidance
The Leoâ€“Libra cusp is the sovereign artist. The gracious leader. The romantic diplomat. August asks you to remember your creative birthrightâ€”and to make peace an art form, not an expectation.
Mantra: I balance boldness with beauty. I am grace set aflame."
2025-08-01,Libra,NH,"Libra â€“ August 2025 Horoscope (Northern Hemisphere)
Theme: Air with fireâ€”balancing brilliance and burnout
ğŸŒ‘ Moon Phases & Influence
New Moon in Leo (Aug 1): Occurs in your eleventh houseâ€”the realm of community, dreams, and visionary networks. This lunation asks: Are your social circles aligned with your soul goals? Itâ€™s time to plant seeds for the futureâ€”not the one others expect, but the one that sets you on fire.
Full Moon in Aquarius (Aug 17): Lights your fifth houseâ€”creativity, romance, inner child. Expect emotional illumination around your right to express joy. Something you've created (or tried to suppress) wants to be celebrated. Make space for art, flirtation, or play.
ğŸ’¼ Career & Purpose
Youâ€™re dreaming biggerâ€”and refining your audience. The Leo New Moon supports strategic social alignment: joining a mastermind, rebranding your personal presence, or networking with visionaries rather than obligation.
This isnâ€™t the month to grindâ€”this is the month to position yourself with intention. Where you plant your energy now will determine what grows this fall.
The Full Moon may spark a creative project breakthrough or the courage to share your gifts more boldly. Let it be playful, not perfect.
Career Message: Visibility that comes from joy attracts right-fit opportunities. You donâ€™t have to hustle your worth.
ğŸ’– Love & Relationships
This is a flirtatious, heart-opening month. The Leo New Moon may introduce someone electric through your social sphere or shared creative pursuit. But beware: charm is not always connection. Listen to whatâ€™s behind the sparkle.
If partnered, rekindle the playful side of your bond. Plan something spontaneous. Revisit your origin story. Mid-month may bring an emotional revealâ€”around fertility, sexuality, or unspoken desires. Be curious, not defensive.
Love Insight: Play is sacred. Let go of whoâ€™s right and explore whatâ€™s real.
ğŸ§˜â€â™€ï¸ Health & Embodiment
Your nervous system may feel scattered under this much air and fire. Prioritize grounding routinesâ€”barefoot walks, herbal teas, stretching at sunrise. Donâ€™t underestimate the toll of overstimulation, even if itâ€™s all ""fun.""
The Aquarius Full Moon asks you to reclaim joy in your body. Dance. Touch. Laugh loudly. Pleasure is medicine. Make time for it.
Health Reminder: Balance isnâ€™t always symmetryâ€”itâ€™s rhythm. Let your routines flex with your needs.
ğŸ˜Œ Happiness & Soul Expansion
This month, your soul wants liberation through expression. Sing even if off-key. Write even if no one reads it. Wear the colour youâ€™ve been told you â€œcanâ€™t pull off.â€ You are not a roleâ€”youâ€™re a living work of art.
Joy returns through unapologetic self-approval. Find the people who celebrate your weirdness, not just your polish.
ğŸ´ Libra Mantra for August:
â€œI belong where joy leads. I balance by being fully myself.â€"
2025-08-01,Libra Scorpio,NH,"Libraâ€“Scorpio Cusp â€“ August 2025 (Northern Hemisphere)
Theme: Soft power. Strategic depth. Fierce grace.
ğŸŒ‘ Moon Phases
New Moon in Leo (Aug 1) â€“ Illuminates your 11th house: vision, collective dreams, and chosen community. Set intentions that support your long-game evolution.
Full Moon in Aquarius (Aug 17) â€“ Activates your 5th house: creativity, romance, and joy. Let go of what blocks your true expression.
ğŸ’¼ Career & Influence
This month, you're being called to reclaim authority without apology. Not through dominationâ€”but through depth, nuance, and powerful poise.
The New Moon whispers: What future are you really building?
The Full Moon may unearth hidden creative talentsâ€”or reveal a way you've been diminishing them.
Career Insight: You donâ€™t need a title to be a force.
ğŸ’– Love & Power
Love is sacred to youâ€”but it must also be authentic and transformative. You are done with surface. Done with pretending.
If single: A deep, magnetic connection could sparkâ€”but donâ€™t override red flags in the name of intensity.
If partnered: Invite vulnerability. Youâ€™re being asked to show your soft underbelly without losing your steel.
Love Spell: My boundaries deepen intimacy. My honesty is holy.
ğŸ§˜ Health & Inner Sovereignty
This is a potent month for detox and psychic shielding. You pick up more than you realiseâ€”clear it.
Hydrate like itâ€™s sacred
Keep obsidian, smoky quartz, or black tourmaline near your bed
Take breaks from conflict, noise, and digital overwhelm
Health Mantra: What I release makes space for my healing.
ğŸ§­ Soul Guidance
Your power lies in your fusion of logic and mysticism, glamour and grit. This month invites you to own all sides of yourselfâ€”not just the ones that win applause.
Mantra: I walk through fire in velvet. I transform with truth."
2025-08-01,Libra Scorpio,SH,"Libraâ€“Scorpio Cusp â€“ August 2025 (Southern Hemisphere)
Theme: Deep thaw. Sacred strategy. Revival beneath the skin.
ğŸŒ‘ Moon Phases
New Moon in Leo (Aug 1) â€“ Activates your 11th house: visionary rebirth through stillness. This is a subtle but potent energetic resetâ€”donâ€™t force clarity. Let it arrive.
Full Moon in Aquarius (Aug 17) â€“ Lights up your 5th house: time to revive play, passion, and purposeâ€”even in winterâ€™s slow bloom.
ğŸ’¼ Work & Soul Purpose
Behind the quiet of this season, your soul is sharpening its edge. Youâ€™re being refined for deeper impactâ€”but not everyone will understand your stillness.
Trust it anyway.
Strategise, donâ€™t scramble
Rest, donâ€™t retreat
Let your silence build powerâ€”not doubt
Career Message: Your best work isnâ€™t rushedâ€”itâ€™s revealed.
ğŸ’– Love & Emotional Alchemy
Youâ€™re not here for shallow affection. You crave soul-bondingâ€”the kind of connection that disarms your walls and mirrors your becoming.
If single: A fated meeting may stir both fascination and fear. Donâ€™t boltâ€”stay curious.
If in love: This is a month to co-create rituals of safety, sensuality, and soul-check-ins.
Love Reminder: The right person wonâ€™t flinch at your depthâ€”theyâ€™ll dive.
ğŸ§˜ Energy & Elemental Healing
Your emotional body is shedding old cords. Donâ€™t resist the purge:
Breathwork, steam, sauna, and salt baths
Cacao ceremonies or fire meditations
Shadow journalingâ€”ask: What have I outgrown that I still perform?
Health Mantra: I am the phoenix and the priestess. I burn, rise, and bless.
ğŸ§­ Soul Wisdom
This is not the month to dilute your magic. Whether seen or unseen, your energy shifts tides. Own it with elegance and edge.
Mantra: I am mystery without apology. I move in beauty and in truth."
2025-08-01,Pisces Aries,NH,"Piscesâ€“Aries Cusp â€“ August 2025 (Northern Hemisphere)
Theme: Birth the vision. Burn through the fog.
ğŸŒ‘ Moon Phases
New Moon in Leo (Aug 1) â€“ Activates your 6th house of ritual, health, and work. This is a chance to reform your daily magicâ€”how you heal, create, and show up.
Full Moon in Aquarius (Aug 17) â€“ Illuminates your 12th house of the subconscious. Dreams, old wounds, or sudden insights may come through. Let them informâ€”not derailâ€”you.
ğŸ’¼ Vocation & Soulful Fire
Youâ€™re a paradox: part artist, part warrior. This month, the cosmos nudges you to take one brave step toward what your spirit whispers about in secret.
Build a container for your chaos
Submit, pitch, or present something bold
Allow emotion to fuelâ€”not fogâ€”your goals
Career Mantra: I turn feeling into flame. I move with mystical purpose.
ğŸ’– Love & Cosmic Chemistry
You crave love that feels like a poem read at dawnâ€”urgent, intimate, a little unhinged.
Single? Someone eccentric may awaken a part of you you thought was dormant.
Partnered? Invite sensual rituals and more playful tension. Youâ€™re ready to feel alive, not just safe.
Love Spell: I do not need tamingâ€”I need witnessing.
ğŸ§˜ Body & Embodiment
You may feel like you're carrying fire in waterâ€”a simmering energy. Channel it before it boils over.
Fast creative movement: dancing, kickboxing, improvisation
Cold plunges, heat therapy, or breathwork
Cut ties to draining environments or obligations
Health Reminder: My energy is sacredâ€”I spend it where it echoes.
ğŸ§­ Soul Message
This month is not about waiting for clarityâ€”itâ€™s about moving through the mist, trusting that clarity will come with momentum.
Mantra: I am born again with each breath. I begin and become."
2025-08-01,Pisces Aries,SH,"Piscesâ€“Aries Cusp â€“ August 2025 (Southern Hemisphere)
Theme: Embers beneath snow. Dreaming the spark.
ğŸŒ‘ Moon Phases
New Moon in Leo (Aug 1) â€“ Lands in your 6th house of structure, health, and discipline. Begin sacred routines that warm the inner flame.
Full Moon in Aquarius (Aug 17) â€“ Lights up your 12th house: this is a time of soulful unravelling. Let the light in slowly.
ğŸ’¼ Dreamwork & Strategic Stillness
Though the outer world is quiet, your inner realm is lit with restless blueprints. You're not stuckâ€”youâ€™re simmering.
Journal what keeps returning
Plan from softness, not scarcity
Re-evaluate how you define momentum
Career Insight: Stillness is not silenceâ€”it is preparation in disguise.
ğŸ’– Love & Sacred Space
This is a potent time for slow love, spiritual intimacy, and being met in the ether.
If single: Be open to dream encounters, psychic pull, or artistic collaborations that turn romantic
In partnership: Nurture the quieter magicâ€”handwritten notes, shared music, small blessings
Love Mantra: I love in whispers, firelight, and prophecy.
ğŸ§˜ Body & Intuition
Honor your body as the alchemist of emotion.
Steam, herbs, stillness
Wrap in warmth (shawls, stones, salt baths)
Let your spine lead your movement
Health Spell: My body is not separate from my magicâ€”it is the altar.
ğŸ§­ Soul Message
You are becoming again. The thaw is subtle, but the fire within is real. Move when you're calledâ€”but donâ€™t rush the resurrection.
Mantra: I carry the first light. I am the breath before bloom."
2025-08-01,Pisces,NH,"Pisces â€“ August 2025 Horoscope (Northern Hemisphere)
Theme: Dream with discernment. Love with boundaries. Heal in truth.
ğŸŒ‘ Moon Phases
New Moon in Leo (Aug 1): Activates your sixth houseâ€”daily rituals, health, work habits. A powerful time to rewire how you tend to your body, time, and responsibilities.
Full Moon in Aquarius (Aug 17): Lights your twelfth houseâ€”the subconscious, solitude, spiritual healing. Expect intuitive downloads and emotional revelations that urge you to rest, reflect, and release.
ğŸ’¼ Career & Purpose
Youâ€™re realizing that your creativity needs structure to thrive. The Leo New Moon nudges you to improve systems and schedules. This isnâ€™t punishmentâ€”itâ€™s sacred scaffolding for your art, service, or soul work.
Near the Full Moon, old self-sabotaging patterns could flare. Donâ€™t panic. See them as signals, not setbacks. This is an ideal time for:
Taking a break from burnout cycles
Quiet creative incubation
Dream journaling for intuitive career clues
Career Message: Magic multiplies when it has somewhere to land.
ğŸ’– Love & Relationships
August calls you inwardâ€”but not into isolation. Instead, you're being asked to cultivate conscious solitude so that your love (for self and others) feels more anchored, less enmeshed.
If partnered, explore healthier emotional rhythms and more honest communication around space and support. If single, you may meet someone through healing spaces, volunteer work, or even a dream (yes, really).
Love Insight: Love is not the opposite of solitude. The right love deepens it.
ğŸ§˜â€â™€ï¸ Health & Embodiment
The New Moon supports a reset in your routinesâ€”especially your sleep, gut health, and tech boundaries. Around the Full Moon, your energy may feel low, but your spiritual channels are wide open.
Prioritize:
Water rituals (baths, oceans, foot soaks)
Journaling before bed
A few hours offline before sleep
Health Reminder: Your energy is sacred. Leaks happen when you donâ€™t listen.
ğŸ§­ Soul & Shadow
The Full Moon is a deep soul mirror, asking: What emotional weight am I secretly carrying? Donâ€™t push it down. Hold it with compassion. This is a month for quiet integration, not explosive growth.
Mantra: My inner world is not a burdenâ€”it is a wellspring of wisdom."
2025-08-01,Pisces,SH,"Pisces â€“ August 2025 Horoscope (Southern Hemisphere)
Theme: Rebuild gently. From the stillness, shape something sacred.
ğŸŒ‘ Moon Phases
New Moon in Leo (Aug 1): Highlights your sixth houseâ€”routines, wellbeing, and how you serve. Itâ€™s time to design a new rhythm, one that feels nourishing rather than numbing.
Full Moon in Aquarius (Aug 17): Lights your twelfth houseâ€”dreams, endings, inner processing. This is a moment of psychic housekeeping. Grieve the outdated version of yourself. Gently.
ğŸ’¼ Career & Purpose
Youâ€™re not meant to rush ahead this month. Let August be a foundation-laying phaseâ€”clearing clutter, redesigning workflows, and questioning what â€œsuccessâ€ really looks like for your spirit.
The Full Moon may surface subconscious fears around visibility, rejection, or imposter syndrome. Donâ€™t battle themâ€”befriend them and move anyway.
Career Message: Build something that feels like you, even if no one claps yet.
ğŸ’– Love & Relationships
This month prioritizes emotional sobriety over fantasy. If youâ€™ve been romanticizing someone who canâ€™t meet you, this is the time to cut cordsâ€”gently, but firmly.
If youâ€™re in partnership, August may bring deep, private moments of healing. Think less about grand gestures and more about quiet understanding.
Love Insight: What you stop giving energy to is just as powerful as what you choose.
ğŸ§˜ Health & Embodiment
Your body is your anchor. Let August help you feel safe in your own skin. Focus on:
Gut and immune support
Mindful movement (yin yoga, stretch walks)
Emotional cleansing through tears, breath, or journaling
Health Reminder: Healing isnâ€™t linear. But it is real.
ğŸ§­ Soul & Shadow
You are not behind. Youâ€™re not late. Youâ€™re in the cocoon. Let winterâ€™s quiet cradle your spirit and recalibrate your compass.
Mantra: In my stillness, I remember who I am. I release with love. I rise in truth."
2025-08-01,Sagittarius Capricorn,,"Sagittariusâ€“Capricorn Cusp â€“ August 2025 (Northern Hemisphere)
Theme: Sustain the fire. Ground the vision.
ğŸŒ‘ Moon Phases
New Moon in Leo (Aug 1) â€“ Activates your 9th house of wisdom, travel, and higher learning. A perfect time to plan or commit to something radically expansive.
Full Moon in Aquarius (Aug 17) â€“ Lights your 3rd house: communication, community, and ideas. Your words carry weightâ€”speak them wisely.
ğŸ’¼ Career & Calling
You are refining your big picture. August asks you to align vision with execution.
Research long-term ventures
Say no to the â€œalmost-rightâ€
Let go of external definitions of success
You might receive a spark of divine timing around mid-monthâ€”a message, a meeting, a mental click.
Career Spell: I trust my pace. I honour my reach.
ğŸ’– Love & Structure
You need love that respects your ambition and expands your world.
Single? You might be drawn to someone who is both grounded and philosophical.
Partnered? It's time to co-create shared goalsâ€”but leave room for spiritual growth.
Love Mantra: My heart is both compass and cathedral.
ğŸ§˜ Health & Elemental Wisdom
This month calls for balance between motion and grounding.
Try:
Walking meditations
Body journaling (write what your body says)
Magnesium, grounding teas, quiet mornings
Health Insight: Stillness can be fuel. Rest is not regression.
ğŸ§­ Soul Message
You are the bridge between now and next, soul and system. This month, commit to your highest pathâ€”even if no one else sees the mountain you're climbing yet.
Mantra: I donâ€™t just dreamâ€”I deliver."
